"","Species_name","Family","Order","Diel_Pattern_1","Diel_Pattern_3","Diel_Pattern_2","Diel_Pattern_4","Confidence","tips"
"Babyrousa_babyrussa","Babyrousa babyrussa","Suidae","Suina","diurnal","diurnal","diurnal","diurnal","5","Babyrousa_babyrussa"
"Addax_nasomaculatus","Addax nasomaculatus","Bovidae","Ruminantia",NA,"crepuscular","cathemeral/crepuscular","cathemeral","2","Addax_nasomaculatus"
"Bubalus_mindorensis","Bubalus mindorensis","Bovidae","Ruminantia","diurnal","crepuscular","diurnal/crepuscular","diurnal","5","Bubalus_mindorensis"
"Ammodorcas_clarkei","Ammodorcas clarkei","Bovidae","Ruminantia","diurnal","diurnal","diurnal","diurnal","1","Ammodorcas_clarkei"
"Arabitragus_jayakari","Arabitragus jayakari","Bovidae","Ruminantia",NA,"crepuscular","cathemeral/crepuscular","cathemeral","1","Arabitragus_jayakari"
"Axis_calamianensis","Axis calamianensis","Cervidae","Ruminantia",NA,"crepuscular","cathemeral/crepuscular","cathemeral","1","Axis_calamianensis"
"Okapia_johnstoni","Okapia johnstoni","Giraffidae","Ruminantia","diurnal","diurnal","diurnal","diurnal","5","Okapia_johnstoni"
"Pseudoryx_nghetinhensis","Pseudoryx nghetinhensis","Bovidae","Ruminantia",NA,"crepuscular","cathemeral/crepuscular","cathemeral","5","Pseudoryx_nghetinhensis"
"Babyrousa_togeanensis","Babyrousa togeanensis","Suidae","Suina",NA,"crepuscular","cathemeral/crepuscular","cathemeral","1","Babyrousa_togeanensis"
"Bos_domesticus","Bos domesticus","Bovidae","Ruminantia","unknown","unknown","unknown","unknown","unknown","Bos_domesticus"
"Bos_frontalis","Bos frontalis","Bovidae","Ruminantia","unknown","unknown","unknown","unknown","unknown","Bos_frontalis"
"Bos_grunniens","Bos grunniens","Bovidae","Ruminantia","unknown","unknown","unknown","unknown","unknown","Bos_grunniens"
"Bos_mutus","Bos mutus","Bovidae","Ruminantia","diurnal","diurnal","diurnal","diurnal","1","Bos_mutus"
"Bos_sauveli","Bos sauveli","Bovidae","Ruminantia",NA,"crepuscular","cathemeral","cathemeral","1","Bos_sauveli"
"Bos_taurus","Bos taurus","Bovidae","Ruminantia","unknown","unknown","unknown","unknown","unknown","Bos_taurus"
"Axis_porcinus","Axis porcinus","Cervidae","Ruminantia",NA,"crepuscular","cathemeral/crepuscular","cathemeral","4","Axis_porcinus"
"Bubalus_arnee","Bubalus arnee","Bovidae","Ruminantia",NA,"crepuscular","cathemeral","cathemeral","2","Bubalus_arnee"
"Camelus_ferus","Camelus ferus","Camelidae","Tylopoda",NA,"crepuscular","cathemeral/crepuscular","cathemeral","4","Camelus_ferus"
"Capreolus_capreolus","Capreolus capreolus","Cervidae","Ruminantia",NA,"crepuscular","cathemeral/crepuscular","cathemeral","4","Capreolus_capreolus"
"Bubalus_depressicornis","Bubalus depressicornis","Bovidae","Ruminantia","nocturnal","crepuscular","nocturnal/crepuscular","nocturnal","1","Bubalus_depressicornis"
"Catagonus_wagneri","Catagonus wagneri","Tayassuidae","Suina","diurnal","crepuscular","diurnal/crepuscular","diurnal","4","Catagonus_wagneri"
"Bubalus_quarlesi","Bubalus quarlesi","Bovidae","Ruminantia",NA,"crepuscular","cathemeral/crepuscular","cathemeral","1","Bubalus_quarlesi"
"Cephalophus_natalensis","Cephalophus natalensis","Bovidae","Ruminantia",NA,"crepuscular","cathemeral/crepuscular","cathemeral","4","Cephalophus_natalensis"
"Camelus_bactrianus","Camelus bactrianus","Camelidae","Tylopoda","diurnal","diurnal","diurnal","diurnal","3","Camelus_bactrianus"
"Camelus_dromedarius","Camelus dromedarius","Camelidae","Tylopoda","diurnal","diurnal","diurnal","diurnal","4","Camelus_dromedarius"
"Cervus_canadensis","Cervus canadensis","Cervidae","Ruminantia",NA,"crepuscular","cathemeral/crepuscular","cathemeral","4","Cervus_canadensis"
"Capra_caucasica","Capra caucasica","Bovidae","Ruminantia",NA,"crepuscular","cathemeral","cathemeral","1","Capra_caucasica"
"Capra_cylindricornis","Capra cylindricornis","Bovidae","Ruminantia",NA,"crepuscular","cathemeral","cathemeral","1","Capra_cylindricornis"
"Capra_falconeri","Capra falconeri","Bovidae","Ruminantia","diurnal","crepuscular","diurnal/crepuscular","diurnal","2","Capra_falconeri"
"Gazella_marica","Gazella marica","Bovidae","Ruminantia","nocturnal","crepuscular","nocturnal/crepuscular","nocturnal","4","Gazella_marica"
"Capra_ibex","Capra ibex","Bovidae","Ruminantia",NA,"crepuscular","cathemeral/crepuscular","cathemeral","2","Capra_ibex"
"Capra_pyrenaica","Capra pyrenaica","Bovidae","Ruminantia",NA,"crepuscular","cathemeral/crepuscular","cathemeral","2","Capra_pyrenaica"
"Capra_walie","Capra walie","Bovidae","Ruminantia",NA,"crepuscular","cathemeral/crepuscular","cathemeral","2","Capra_walie"
"Capricornis_swinhoei","Capricornis swinhoei","Bovidae","Ruminantia",NA,"crepuscular","cathemeral/crepuscular","cathemeral","1","Capricornis_swinhoei"
"Cephalophus_brookei","Cephalophus brookei","Bovidae","Ruminantia","unknown","unknown","unknown","unknown","unknown","Cephalophus_brookei"
"Tragelaphus_eurycerus","Tragelaphus eurycerus","Bovidae","Ruminantia","nocturnal","nocturnal","nocturnal","nocturnal","3","Tragelaphus_eurycerus"
"Madoqua_guentheri","Madoqua guentheri","Bovidae","Ruminantia","diurnal","diurnal","diurnal","diurnal","4","Madoqua_guentheri"
"Axis_axis","Axis axis","Cervidae","Ruminantia",NA,"crepuscular","cathemeral/crepuscular","cathemeral","3","Axis_axis"
"Bison_bonasus","Bison bonasus","Bovidae","Ruminantia",NA,"crepuscular","cathemeral","cathemeral","3","Bison_bonasus"
"Boselaphus_tragocamelus","Boselaphus tragocamelus","Bovidae","Ruminantia","nocturnal","crepuscular","nocturnal/crepuscular","nocturnal","3","Boselaphus_tragocamelus"
"Capra_aegagrus","Capra aegagrus","Bovidae","Ruminantia","diurnal","diurnal","diurnal","diurnal","3","Capra_aegagrus"
"Cervus_albirostris","Cervus albirostris","Cervidae","Ruminantia",NA,"crepuscular","cathemeral/crepuscular","cathemeral","3","Cervus_albirostris"
"Hippotragus_equinus","Hippotragus equinus","Bovidae","Ruminantia","diurnal","crepuscular","diurnal/crepuscular","diurnal","3","Hippotragus_equinus"
"Hylochoerus_meinertzhageni","Hylochoerus meinertzhageni","Suidae","Suina","diurnal","crepuscular","diurnal/crepuscular","diurnal","3","Hylochoerus_meinertzhageni"
"Ovibos_moschatus","Ovibos moschatus","Bovidae","Ruminantia",NA,"crepuscular","cathemeral","cathemeral","4","Ovibos_moschatus"
"Ovis_ammon","Ovis ammon","Bovidae","Ruminantia",NA,"crepuscular","cathemeral/crepuscular","cathemeral","4","Ovis_ammon"
"Ourebia_ourebi","Ourebia ourebi","Bovidae","Ruminantia","diurnal","crepuscular","diurnal/crepuscular","diurnal","3","Ourebia_ourebi"
"Pantholops_hodgsonii","Pantholops hodgsonii","Bovidae","Ruminantia",NA,"crepuscular","cathemeral/crepuscular","cathemeral","3","Pantholops_hodgsonii"
"Pecari_tajacu","Pecari tajacu","Tayassuidae","Suina","diurnal","diurnal","diurnal","diurnal","3","Pecari_tajacu"
"Ovis_orientalis","Ovis orientalis","Bovidae","Ruminantia",NA,"crepuscular","cathemeral/crepuscular","cathemeral","4","Ovis_orientalis"
"Ozotoceros_bezoarticus","Ozotoceros bezoarticus","Cervidae","Ruminantia",NA,"crepuscular","cathemeral","cathemeral","4","Ozotoceros_bezoarticus"
"Pseudois_nayaur","Pseudois nayaur","Bovidae","Ruminantia","diurnal","crepuscular","diurnal/crepuscular","diurnal","3","Pseudois_nayaur"
"Tragelaphus_spekii","Tragelaphus spekii","Bovidae","Ruminantia",NA,"crepuscular","cathemeral/crepuscular","cathemeral","3","Tragelaphus_spekii"
"Axis_kuhlii","Axis kuhlii","Cervidae","Ruminantia",NA,"crepuscular","cathemeral","cathemeral","3","Axis_kuhlii"
"Rucervus_duvaucelii","Rucervus duvaucelii","Cervidae","Ruminantia",NA,"crepuscular","cathemeral/crepuscular","cathemeral","4","Rucervus_duvaucelii"
"Bos_javanicus","Bos javanicus","Bovidae","Ruminantia",NA,"crepuscular","cathemeral/crepuscular","cathemeral","3","Bos_javanicus"
"Cephalophus_callipygus","Cephalophus callipygus","Bovidae","Ruminantia","diurnal","crepuscular","diurnal/crepuscular","diurnal","3","Cephalophus_callipygus"
"Cephalophus_dorsalis","Cephalophus dorsalis","Bovidae","Ruminantia","nocturnal","nocturnal","nocturnal","nocturnal","3","Cephalophus_dorsalis"
"Tragelaphus_buxtoni","Tragelaphus buxtoni","Bovidae","Ruminantia",NA,"crepuscular","cathemeral/crepuscular","cathemeral","4","Tragelaphus_buxtoni"
"Cephalophus_harveyi","Cephalophus harveyi","Bovidae","Ruminantia","diurnal","crepuscular","diurnal/crepuscular","diurnal","3","Cephalophus_harveyi"
"Cephalophus_leucogaster","Cephalophus leucogaster","Bovidae","Ruminantia","diurnal","diurnal","diurnal","diurnal","3","Cephalophus_leucogaster"
"Cephalophus_nigrifrons","Cephalophus nigrifrons","Bovidae","Ruminantia","diurnal","crepuscular","diurnal/crepuscular","diurnal","3","Cephalophus_nigrifrons"
"Cephalophus_ogilbyi","Cephalophus ogilbyi","Bovidae","Ruminantia","diurnal","diurnal","diurnal","diurnal","3","Cephalophus_ogilbyi"
"Cephalophus_silvicultor","Cephalophus silvicultor","Bovidae","Ruminantia","nocturnal","crepuscular","nocturnal/crepuscular","nocturnal","3","Cephalophus_silvicultor"
"Cervus_nippon","Cervus nippon","Cervidae","Ruminantia",NA,"crepuscular","cathemeral/crepuscular","cathemeral","3","Cervus_nippon"
"Choeropsis_liberiensis","Choeropsis liberiensis","Hippopotamidae","Whippomorpha","nocturnal","crepuscular","nocturnal/crepuscular","nocturnal","3","Choeropsis_liberiensis"
"Dama_dama","Dama dama","Cervidae","Ruminantia","diurnal","crepuscular","diurnal/crepuscular","diurnal","3","Dama_dama"
"Gazella_gazella","Gazella gazella","Bovidae","Ruminantia",NA,"crepuscular","cathemeral/crepuscular","cathemeral","3","Gazella_gazella"
"Giraffa_camelopardalis","Giraffa camelopardalis","Giraffidae","Ruminantia",NA,"crepuscular","cathemeral/crepuscular","cathemeral","3","Giraffa_camelopardalis"
"Mazama_americana","Mazama americana","Cervidae","Ruminantia","nocturnal","crepuscular","nocturnal/crepuscular","nocturnal","3","Mazama_americana"
"Mazama_gouazoubira","Mazama gouazoubira","Cervidae","Ruminantia","diurnal","crepuscular","diurnal/crepuscular","diurnal","3","Mazama_gouazoubira"
"Mazama_rufina","Mazama rufina","Cervidae","Ruminantia","nocturnal","nocturnal","nocturnal","nocturnal","3","Mazama_rufina"
"Muntiacus_muntjak","Muntiacus muntjak","Cervidae","Ruminantia",NA,"crepuscular","cathemeral/crepuscular","cathemeral","3","Muntiacus_muntjak"
"Muntiacus_vuquangensis","Muntiacus vuquangensis","Cervidae","Ruminantia",NA,"crepuscular","cathemeral","cathemeral","3","Muntiacus_vuquangensis"
"Neotragus_batesi","Neotragus batesi","Bovidae","Ruminantia","nocturnal","crepuscular","nocturnal/crepuscular","nocturnal","3","Neotragus_batesi"
"Nesotragus_moschatus","Nesotragus moschatus","Bovidae","Ruminantia","nocturnal","crepuscular","nocturnal/crepuscular","nocturnal","3","Nesotragus_moschatus"
"Philantomba_monticola","Philantomba monticola","Bovidae","Ruminantia","diurnal","crepuscular","diurnal/crepuscular","diurnal","3","Philantomba_monticola"
"Rusa_unicolor","Rusa unicolor","Cervidae","Ruminantia","nocturnal","nocturnal","nocturnal","nocturnal","3","Rusa_unicolor"
"Sus_barbatus","Sus barbatus","Suidae","Suina","diurnal","crepuscular","diurnal/crepuscular","diurnal","3","Sus_barbatus"
"Sus_scrofa","Sus scrofa","Suidae","Suina","nocturnal","nocturnal","nocturnal","nocturnal","3","Sus_scrofa"
"Sylvicapra_grimmia","Sylvicapra grimmia","Bovidae","Ruminantia","nocturnal","crepuscular","nocturnal/crepuscular","nocturnal","3","Sylvicapra_grimmia"
"Tragulus_napu","Tragulus napu","Tragulidae","Ruminantia",NA,"crepuscular","cathemeral/crepuscular","cathemeral","3","Tragulus_napu"
"Alces_alces","Alces alces","Cervidae","Ruminantia","nocturnal","crepuscular","nocturnal/crepuscular","nocturnal","3","Alces_alces"
"Ammotragus_lervia","Ammotragus lervia","Bovidae","Ruminantia","diurnal","crepuscular","diurnal/crepuscular","diurnal","3","Ammotragus_lervia"
"Bison_bison","Bison bison","Bovidae","Ruminantia","diurnal","crepuscular","diurnal/crepuscular","diurnal","3","Bison_bison"
"Blastocerus_dichotomus","Blastocerus dichotomus","Cervidae","Ruminantia",NA,"crepuscular","cathemeral/crepuscular","cathemeral","3","Blastocerus_dichotomus"
"Bos_gaurus","Bos gaurus","Bovidae","Ruminantia",NA,"crepuscular","cathemeral/crepuscular","cathemeral","3","Bos_gaurus"
"Bubalis_bubalis","Bubalis bubalis","Bovidae","Ruminantia",NA,"crepuscular","cathemeral","cathemeral","3","Bubalis_bubalis"
"Budorcas_taxicolor","Budorcas taxicolor","Bovidae","Ruminantia","diurnal","crepuscular","diurnal/crepuscular","diurnal","3","Budorcas_taxicolor"
"Capra_nubiana","Capra nubiana","Bovidae","Ruminantia",NA,"crepuscular","cathemeral/crepuscular","cathemeral","3","Capra_nubiana"
"Capra_sibirica","Capra sibirica","Bovidae","Ruminantia","diurnal","crepuscular","diurnal/crepuscular","diurnal","3","Capra_sibirica"
"Capreolus_pygargus","Capreolus pygargus","Cervidae","Ruminantia","nocturnal","crepuscular","nocturnal/crepuscular","nocturnal","3","Capreolus_pygargus"
"Capricornis_crispus","Capricornis crispus","Bovidae","Ruminantia",NA,"crepuscular","cathemeral","cathemeral","3","Capricornis_crispus"
"Capricornis_rubidus","Capricornis rubidus","Bovidae","Ruminantia",NA,"crepuscular","cathemeral","cathemeral","3","Capricornis_rubidus"
"Capricornis_thar","Capricornis thar","Bovidae","Ruminantia",NA,"crepuscular","cathemeral/crepuscular","cathemeral","3","Capricornis_thar"
"Cephalophus_adersi","Cephalophus adersi","Bovidae","Ruminantia","diurnal","crepuscular","diurnal/crepuscular","diurnal","3","Cephalophus_adersi"
"Cephalophus_rufilatus","Cephalophus rufilatus","Bovidae","Ruminantia","diurnal","crepuscular","diurnal/crepuscular","diurnal","3","Cephalophus_rufilatus"
"Cephalophus_spadix","Cephalophus spadix","Bovidae","Ruminantia","nocturnal","nocturnal","nocturnal","nocturnal","3","Cephalophus_spadix"
"Cephalophus_weynsi","Cephalophus weynsi","Bovidae","Ruminantia","diurnal","diurnal","diurnal","diurnal","3","Cephalophus_weynsi"
"Elaphodus_cephalophus","Elaphodus cephalophus","Cervidae","Ruminantia",NA,"crepuscular","cathemeral/crepuscular","cathemeral","3","Elaphodus_cephalophus"
"Eudorcas_albonotata","Eudorcas albonotata","Bovidae","Ruminantia","diurnal","crepuscular","diurnal/crepuscular","diurnal","3","Eudorcas_albonotata"
"Eudorcas_rufifrons","Eudorcas rufifrons","Bovidae","Ruminantia",NA,"crepuscular","cathemeral/crepuscular","cathemeral","3","Eudorcas_rufifrons"
"Eudorcas_thomsonii","Eudorcas thomsonii","Bovidae","Ruminantia","diurnal","crepuscular","diurnal/crepuscular","diurnal","3","Eudorcas_thomsonii"
"Gazella_leptoceros","Gazella leptoceros","Bovidae","Ruminantia",NA,"crepuscular","cathemeral","cathemeral","3","Gazella_leptoceros"
"Hippocamelus_antisensis","Hippocamelus antisensis","Cervidae","Ruminantia","diurnal","diurnal","diurnal","diurnal","3","Hippocamelus_antisensis"
"Ovis_canadensis","Ovis canadensis","Bovidae","Ruminantia",NA,"crepuscular","cathemeral/crepuscular","cathemeral","4","Ovis_canadensis"
"Alcelaphus_buselaphus","Alcelaphus buselaphus","Bovidae","Ruminantia","diurnal","crepuscular","diurnal/crepuscular","diurnal","4","Alcelaphus_buselaphus"
"Antidorcas_marsupialis","Antidorcas marsupialis","Bovidae","Ruminantia",NA,"crepuscular","cathemeral/crepuscular","cathemeral","4","Antidorcas_marsupialis"
"Mazama_bororo","Mazama bororo","Cervidae","Ruminantia","nocturnal","nocturnal","nocturnal","nocturnal","3","Mazama_bororo"
"Mazama_chunyi","Mazama chunyi","Cervidae","Ruminantia","nocturnal","nocturnal","nocturnal","nocturnal","3","Mazama_chunyi"
"Antilope_cervicapra","Antilope cervicapra","Bovidae","Ruminantia","diurnal","crepuscular","diurnal/crepuscular","diurnal","4","Antilope_cervicapra"
"Mazama_nana","Mazama nana","Cervidae","Ruminantia","nocturnal","nocturnal","nocturnal","nocturnal","3","Mazama_nana"
"Mazama_nemorivaga","Mazama nemorivaga","Cervidae","Ruminantia","diurnal","crepuscular","diurnal/crepuscular","diurnal","3","Mazama_nemorivaga"
"Mazama_pandora","Mazama pandora","Cervidae","Ruminantia","diurnal","diurnal","diurnal","diurnal","3","Mazama_pandora"
"Beatragus_hunteri","Beatragus hunteri","Bovidae","Ruminantia",NA,"crepuscular","cathemeral/crepuscular","cathemeral","4","Beatragus_hunteri"
"Mazama_temama","Mazama temama","Cervidae","Ruminantia",NA,"crepuscular","cathemeral","cathemeral","3","Mazama_temama"
"Moschiola_indica","Moschiola indica","Tragulidae","Ruminantia","nocturnal","nocturnal","nocturnal","nocturnal","3","Moschiola_indica"
"Moschiola_kathygre","Moschiola kathygre","Tragulidae","Ruminantia","nocturnal","nocturnal","nocturnal","nocturnal","3","Moschiola_kathygre"
"Moschiola_meminna","Moschiola meminna","Tragulidae","Ruminantia","nocturnal","nocturnal","nocturnal","nocturnal","3","Moschiola_meminna"
"Moschus_berezovskii","Moschus berezovskii","Moschidae","Ruminantia",NA,"crepuscular","cathemeral/crepuscular","cathemeral","3","Moschus_berezovskii"
"Moschus_chrysogaster","Moschus chrysogaster","Moschidae","Ruminantia","nocturnal","crepuscular","nocturnal/crepuscular","nocturnal","3","Moschus_chrysogaster"
"Muntiacus_atherodes","Muntiacus atherodes","Cervidae","Ruminantia","diurnal","diurnal","diurnal","diurnal","3","Muntiacus_atherodes"
"Muntiacus_crinifrons","Muntiacus crinifrons","Cervidae","Ruminantia",NA,"crepuscular","cathemeral/crepuscular","cathemeral","3","Muntiacus_crinifrons"
"Hydropotes_inermis","Hydropotes inermis","Cervidae","Ruminantia",NA,"crepuscular","cathemeral/crepuscular","cathemeral","4","Hydropotes_inermis"
"Muntiacus_reevesi","Muntiacus reevesi","Cervidae","Ruminantia",NA,"crepuscular","cathemeral/crepuscular","cathemeral","3","Muntiacus_reevesi"
"Muntiacus_vaginalis","Muntiacus vaginalis","Cervidae","Ruminantia",NA,"crepuscular","cathemeral","cathemeral","3","Muntiacus_vaginalis"
"Kobus_kob","Kobus kob","Bovidae","Ruminantia",NA,"crepuscular","cathemeral/crepuscular","cathemeral","4","Kobus_kob"
"Naemorhedus_caudatus","Naemorhedus caudatus","Bovidae","Ruminantia",NA,"crepuscular","cathemeral/crepuscular","cathemeral","3","Naemorhedus_caudatus"
"Naemorhedus_goral","Naemorhedus goral","Bovidae","Ruminantia",NA,"crepuscular","cathemeral/crepuscular","cathemeral","3","Naemorhedus_goral"
"Naemorhedus_griseus","Naemorhedus griseus","Bovidae","Ruminantia","diurnal","crepuscular","diurnal/crepuscular","diurnal","3","Naemorhedus_griseus"
"Nanger_dama","Nanger dama","Bovidae","Ruminantia","nocturnal","nocturnal","nocturnal","nocturnal","3","Nanger_dama"
"Neotragus_pygmaeus","Neotragus pygmaeus","Bovidae","Ruminantia","nocturnal","nocturnal","nocturnal","nocturnal","4","Neotragus_pygmaeus"
"Redunca_fulvorufula","Redunca fulvorufula","Bovidae","Ruminantia",NA,"crepuscular","cathemeral/crepuscular","cathemeral","4","Redunca_fulvorufula"
"Oreotragus_oreotragus","Oreotragus oreotragus","Bovidae","Ruminantia","diurnal","diurnal","diurnal","diurnal","3","Oreotragus_oreotragus"
"Oryx_dammah","Oryx dammah","Bovidae","Ruminantia",NA,"crepuscular","cathemeral/crepuscular","cathemeral","3","Oryx_dammah"
"Aepyceros_melampus","Aepyceros melampus","Bovidae","Ruminantia","diurnal","crepuscular","diurnal/crepuscular","diurnal","4","Aepyceros_melampus"
"Ovis_aries","Ovis aries","Bovidae","Ruminantia",NA,"crepuscular","cathemeral/crepuscular","cathemeral","3","Ovis_aries"
"Capricornis_sumatraensis","Capricornis sumatraensis","Bovidae","Ruminantia",NA,"crepuscular","cathemeral","cathemeral","4","Capricornis_sumatraensis"
"Cephalophus_jentinki","Cephalophus jentinki","Bovidae","Ruminantia","nocturnal","crepuscular","nocturnal/crepuscular","nocturnal","4","Cephalophus_jentinki"
"Phacochoerus_africanus","Phacochoerus africanus","Suidae","Suina","diurnal","crepuscular","diurnal/crepuscular","diurnal","3","Phacochoerus_africanus"
"Cephalophus_niger","Cephalophus niger","Bovidae","Ruminantia","diurnal","crepuscular","diurnal/crepuscular","diurnal","4","Cephalophus_niger"
"Philantomba_walteri","Philantomba walteri","Bovidae","Ruminantia",NA,"crepuscular","cathemeral/crepuscular","cathemeral","3","Philantomba_walteri"
"Cephalophus_zebra","Cephalophus zebra","Bovidae","Ruminantia","diurnal","crepuscular","diurnal/crepuscular","diurnal","4","Cephalophus_zebra"
"Pudu_puda","Pudu puda","Cervidae","Ruminantia","nocturnal","nocturnal","nocturnal","nocturnal","3","Pudu_puda"
"Raphicerus_campestris","Raphicerus campestris","Bovidae","Ruminantia","diurnal","crepuscular","diurnal/crepuscular","diurnal","3","Raphicerus_campestris"
"Redunca_redunca","Redunca redunca","Bovidae","Ruminantia",NA,"crepuscular","cathemeral/crepuscular","cathemeral","3","Redunca_redunca"
"Rusa_timorensis","Rusa timorensis","Cervidae","Ruminantia","nocturnal","nocturnal","nocturnal","nocturnal","3","Rusa_timorensis"
"Connochaetes_gnou","Connochaetes gnou","Bovidae","Ruminantia","diurnal","crepuscular","diurnal/crepuscular","diurnal","4","Connochaetes_gnou"
"Gazella_dorcas","Gazella dorcas","Bovidae","Ruminantia","diurnal","crepuscular","diurnal/crepuscular","diurnal","4","Gazella_dorcas"
"Sus_philippensis","Sus philippensis","Suidae","Suina","nocturnal","nocturnal","nocturnal","nocturnal","3","Sus_philippensis"
"Hippotragus_niger","Hippotragus niger","Bovidae","Ruminantia",NA,"crepuscular","cathemeral/crepuscular","cathemeral","4","Hippotragus_niger"
"Sus_verrucosus","Sus verrucosus","Suidae","Suina",NA,"crepuscular","cathemeral/crepuscular","cathemeral","3","Sus_verrucosus"
"Hyemoschus_aquaticus","Hyemoschus aquaticus","Tragulidae","Ruminantia","nocturnal","nocturnal","nocturnal","nocturnal","4","Hyemoschus_aquaticus"
"Tetracerus_quadricornis","Tetracerus quadricornis","Bovidae","Ruminantia","diurnal","crepuscular","diurnal/crepuscular","diurnal","3","Tetracerus_quadricornis"
"Tragelaphus_angasii","Tragelaphus angasii","Bovidae","Ruminantia","diurnal","crepuscular","diurnal/crepuscular","diurnal","3","Tragelaphus_angasii"
"Tragelaphus_derbianus","Tragelaphus derbianus","Bovidae","Ruminantia",NA,"crepuscular","cathemeral/crepuscular","cathemeral","3","Tragelaphus_derbianus"
"Madoqua_kirkii","Madoqua kirkii","Bovidae","Ruminantia","diurnal","crepuscular","diurnal/crepuscular","diurnal","4","Madoqua_kirkii"
"Odocoileus_virginianus","Odocoileus virginianus","Cervidae","Ruminantia",NA,"crepuscular","cathemeral/crepuscular","cathemeral","4","Odocoileus_virginianus"
"Tragelaphus_strepsiceros","Tragelaphus strepsiceros","Bovidae","Ruminantia","diurnal","diurnal","diurnal","diurnal","3","Tragelaphus_strepsiceros"
"Oreamnos_americanus","Oreamnos americanus","Bovidae","Ruminantia","diurnal","crepuscular","diurnal/crepuscular","diurnal","4","Oreamnos_americanus"
"Tragulus_versicolor","Tragulus versicolor","Tragulidae","Ruminantia","diurnal","diurnal","diurnal","diurnal","3","Tragulus_versicolor"
"Tragulus_williamsoni","Tragulus williamsoni","Tragulidae","Ruminantia","diurnal","crepuscular","diurnal/crepuscular","diurnal","3","Tragulus_williamsoni"
"Oryx_gazella","Oryx gazella","Bovidae","Ruminantia",NA,"crepuscular","cathemeral/crepuscular","cathemeral","4","Oryx_gazella"
"Ovis_dalli","Ovis dalli","Bovidae","Ruminantia","diurnal","diurnal","diurnal","diurnal","4","Ovis_dalli"
"Philantomba_maxwellii","Philantomba maxwellii","Bovidae","Ruminantia","diurnal","crepuscular","diurnal/crepuscular","diurnal","4","Philantomba_maxwellii"
"Cephalophus_crusalbum","Cephalophus crusalbum","Bovidae","Ruminantia","unknown","unknown","unknown","unknown","unknown","Cephalophus_crusalbum"
"Cervus_hanglu","Cervus hanglu","Cervidae","Ruminantia","unknown","unknown","unknown","unknown","unknown","Cervus_hanglu"
"Potamochoerus_porcus","Potamochoerus porcus","Suidae","Suina","nocturnal","crepuscular","nocturnal/crepuscular","nocturnal","4","Potamochoerus_porcus"
"Dama_mesopotamica","Dama mesopotamica","Cervidae","Ruminantia","nocturnal","crepuscular","nocturnal/crepuscular","nocturnal","1","Dama_mesopotamica"
"Tayassu_pecari","Tayassu pecari","Tayassuidae","Suina","diurnal","crepuscular","diurnal/crepuscular","diurnal","4","Tayassu_pecari"
"Damaliscus_lunatus","Damaliscus lunatus","Bovidae","Ruminantia","diurnal","crepuscular","diurnal/crepuscular","diurnal","2","Damaliscus_lunatus"
"Tragelaphus_oryx","Tragelaphus oryx","Bovidae","Ruminantia",NA,"crepuscular","cathemeral/crepuscular","cathemeral","4","Tragelaphus_oryx"
"Tragelaphus_scriptus","Tragelaphus scriptus","Bovidae","Ruminantia","nocturnal","crepuscular","nocturnal/crepuscular","nocturnal","4","Tragelaphus_scriptus"
"Tragelaphus_sylvaticus","Tragelaphus sylvaticus","Bovidae","Ruminantia",NA,"crepuscular","cathemeral","cathemeral","4","Tragelaphus_sylvaticus"
"Tragulus_javanicus","Tragulus javanicus","Tragulidae","Ruminantia","diurnal","crepuscular","diurnal/crepuscular","diurnal","4","Tragulus_javanicus"
"Antilocapra_americana","Antilocapra americana","Antilocapridae","Ruminantia","diurnal","diurnal","diurnal","diurnal","4","Antilocapra_americana"
"Cervus_elaphus","Cervus elaphus","Cervidae","Ruminantia",NA,"crepuscular","cathemeral/crepuscular","cathemeral","4","Cervus_elaphus"
"Damaliscus_pygargus","Damaliscus pygargus","Bovidae","Ruminantia","diurnal","crepuscular","diurnal/crepuscular","diurnal","2","Damaliscus_pygargus"
"Dorcatragus_megalotis","Dorcatragus megalotis","Bovidae","Ruminantia","diurnal","crepuscular","diurnal/crepuscular","diurnal","2","Dorcatragus_megalotis"
"Hippopotamus_amphibius","Hippopotamus amphibius","Hippopotamidae","Whippomorpha","nocturnal","crepuscular","nocturnal/crepuscular","nocturnal","4","Hippopotamus_amphibius"
"Elaphurus_davidianus","Elaphurus davidianus","Cervidae","Ruminantia","diurnal","crepuscular","diurnal/crepuscular","diurnal","2","Elaphurus_davidianus"
"Eudorcas_tilonura","Eudorcas tilonura","Bovidae","Ruminantia","unknown","unknown","unknown","unknown","unknown","Eudorcas_tilonura"
"Gazella_arabica","Gazella arabica","Bovidae","Ruminantia","unknown","unknown","unknown","unknown","unknown","Gazella_arabica"
"Kobus_vardonii","Kobus vardonii","Bovidae","Ruminantia","nocturnal","crepuscular","nocturnal/crepuscular","nocturnal","4","Kobus_vardonii"
"Odocoileus_hemionus","Odocoileus hemionus","Cervidae","Ruminantia",NA,"crepuscular","cathemeral/crepuscular","cathemeral","4","Odocoileus_hemionus"
"Gazella_bennettii","Gazella bennettii","Bovidae","Ruminantia","nocturnal","crepuscular","nocturnal/crepuscular","nocturnal","2","Gazella_bennettii"
"Oryx_leucoryx","Oryx leucoryx","Bovidae","Ruminantia",NA,"crepuscular","cathemeral/crepuscular","cathemeral","4","Oryx_leucoryx"
"Ovis_gmelini","Ovis gmelini","Bovidae","Ruminantia",NA,"crepuscular","cathemeral/crepuscular","cathemeral","4","Ovis_gmelini"
"Gazella_cuvieri","Gazella cuvieri","Bovidae","Ruminantia","diurnal","crepuscular","diurnal/crepuscular","diurnal","1","Gazella_cuvieri"
"Gazella_erlangeri","Gazella erlangeri","Bovidae","Ruminantia","unknown","unknown","unknown","unknown","unknown","Gazella_erlangeri"
"Gazella_spekei","Gazella spekei","Bovidae","Ruminantia",NA,"crepuscular","cathemeral/crepuscular","cathemeral","1","Gazella_spekei"
"Gazella_subgutturosa","Gazella subgutturosa","Bovidae","Ruminantia",NA,"crepuscular","cathemeral/crepuscular","cathemeral","2","Gazella_subgutturosa"
"Giraffa_giraffa","Giraffa giraffa","Giraffidae","Ruminantia","unknown","unknown","unknown","unknown","unknown","Giraffa_giraffa"
"Rupicapra_rupicapra","Rupicapra rupicapra","Bovidae","Ruminantia","diurnal","crepuscular","diurnal/crepuscular","diurnal","4","Rupicapra_rupicapra"
"Giraffa_reticulata","Giraffa reticulata","Giraffidae","Ruminantia","unknown","unknown","unknown","unknown","unknown","Giraffa_reticulata"
"Giraffa_tippelskirchii","Giraffa tippelskirchii","Giraffidae","Ruminantia","unknown","unknown","unknown","unknown","unknown","Giraffa_tippelskirchii"
"Hemitragus_jemlahicus","Hemitragus jemlahicus","Bovidae","Ruminantia",NA,"crepuscular","cathemeral/crepuscular","cathemeral","2","Hemitragus_jemlahicus"
"Hippocamelus_bisulcus","Hippocamelus bisulcus","Cervidae","Ruminantia","diurnal","diurnal","diurnal","diurnal","1","Hippocamelus_bisulcus"
"Hippotragus_leucophaeus","Hippotragus leucophaeus","Bovidae","Ruminantia","unknown","unknown","unknown","unknown","unknown","Hippotragus_leucophaeus"
"Syncerus_caffer","Syncerus caffer","Bovidae","Ruminantia","nocturnal","crepuscular","nocturnal/crepuscular","nocturnal","4","Syncerus_caffer"
"Kobus_ellipsiprymnus","Kobus ellipsiprymnus","Bovidae","Ruminantia",NA,"crepuscular","cathemeral/crepuscular","cathemeral","2","Kobus_ellipsiprymnus"
"Kobus_leche","Kobus leche","Bovidae","Ruminantia",NA,"crepuscular","cathemeral/crepuscular","cathemeral","2","Kobus_leche"
"Kobus_megaceros","Kobus megaceros","Bovidae","Ruminantia",NA,"crepuscular","cathemeral/crepuscular","cathemeral","1","Kobus_megaceros"
"Lama_glama","Lama glama","Camelidae","Tylopoda","diurnal","diurnal","diurnal","diurnal","4","Lama_glama"
"Lama_pacos","Lama pacos","Camelidae","Tylopoda","unknown","unknown","unknown","unknown","unknown","Lama_pacos"
"Litocranius_walleri","Litocranius walleri","Bovidae","Ruminantia","diurnal","crepuscular","diurnal/crepuscular","diurnal","2","Litocranius_walleri"
"Madoqua_piacentinii","Madoqua piacentinii","Bovidae","Ruminantia","diurnal","diurnal","diurnal","diurnal","1","Madoqua_piacentinii"
"Mazama_bricenii","Mazama bricenii","Cervidae","Ruminantia","nocturnal","nocturnal","nocturnal","nocturnal","1","Mazama_bricenii"
"Moschus_anhuiensis","Moschus anhuiensis","Moschidae","Ruminantia","nocturnal","crepuscular","nocturnal/crepuscular","nocturnal","1","Moschus_anhuiensis"
"Moschus_cupreus","Moschus cupreus","Moschidae","Ruminantia","nocturnal","crepuscular","nocturnal/crepuscular","nocturnal","2","Moschus_cupreus"
"Moschus_fuscus","Moschus fuscus","Moschidae","Ruminantia","nocturnal","crepuscular","nocturnal/crepuscular","nocturnal","1","Moschus_fuscus"
"Babyrousa_celebensis","Babyrousa celebensis","Suidae","Suina","diurnal","diurnal","diurnal","diurnal","5","Babyrousa_celebensis"
"Moschus_leucogaster","Moschus leucogaster","Moschidae","Ruminantia","nocturnal","crepuscular","nocturnal/crepuscular","nocturnal","2","Moschus_leucogaster"
"Moschus_moschiferus","Moschus moschiferus","Moschidae","Ruminantia","nocturnal","crepuscular","nocturnal/crepuscular","nocturnal","1","Moschus_moschiferus"
"Muntiacus_feae","Muntiacus feae","Cervidae","Ruminantia","diurnal","diurnal","diurnal","diurnal","1","Muntiacus_feae"
"Muntiacus_gongshanensis","Muntiacus gongshanensis","Cervidae","Ruminantia",NA,"crepuscular","cathemeral/crepuscular","cathemeral","1","Muntiacus_gongshanensis"
"Muntiacus_puhoatensis","Muntiacus puhoatensis","Cervidae","Ruminantia","unknown","unknown","unknown","unknown","unknown","Muntiacus_puhoatensis"
"Muntiacus_putaoensis","Muntiacus putaoensis","Cervidae","Ruminantia","unknown","unknown","unknown","unknown","unknown","Muntiacus_putaoensis"
"Muntiacus_rooseveltorum","Muntiacus rooseveltorum","Cervidae","Ruminantia","unknown","unknown","unknown","unknown","unknown","Muntiacus_rooseveltorum"
"Muntiacus_truongsonensis","Muntiacus truongsonensis","Cervidae","Ruminantia","unknown","unknown","unknown","unknown","unknown","Muntiacus_truongsonensis"
"Naemorhedus_baileyi","Naemorhedus baileyi","Bovidae","Ruminantia","diurnal","crepuscular","diurnal/crepuscular","diurnal","1","Naemorhedus_baileyi"
"Madoqua_saltiana","Madoqua saltiana","Bovidae","Ruminantia","diurnal","crepuscular","diurnal/crepuscular","diurnal","5","Madoqua_saltiana"
"Connochaetes_taurinus","Connochaetes taurinus","Bovidae","Ruminantia","diurnal","crepuscular","diurnal/crepuscular","diurnal","5","Connochaetes_taurinus"
"Lama_guanicoe","Lama guanicoe","Camelidae","Tylopoda","diurnal","diurnal","diurnal","diurnal","5","Lama_guanicoe"
"Nanger_granti","Nanger granti","Bovidae","Ruminantia",NA,"crepuscular","cathemeral/crepuscular","cathemeral","2","Nanger_granti"
"Tragulus_kanchil","Tragulus kanchil","Tragulidae","Ruminantia",NA,"crepuscular","cathemeral/crepuscular","cathemeral","5","Tragulus_kanchil"
"Nanger_soemmerringii","Nanger soemmerringii","Bovidae","Ruminantia","diurnal","diurnal","diurnal","diurnal","1","Nanger_soemmerringii"
"Nilgiritragus_hylocrius","Nilgiritragus hylocrius","Bovidae","Ruminantia",NA,"crepuscular","cathemeral/crepuscular","cathemeral","1","Nilgiritragus_hylocrius"
"Oryx_beisa","Oryx beisa","Bovidae","Ruminantia","diurnal","diurnal","diurnal","diurnal","1","Oryx_beisa"
"Ovis_nivicola","Ovis nivicola","Bovidae","Ruminantia",NA,"crepuscular","cathemeral/crepuscular","cathemeral","1","Ovis_nivicola"
"Ovis_vignei","Ovis vignei","Bovidae","Ruminantia","unknown","unknown","unknown","unknown","unknown","Ovis_vignei"
"Rangifer_tarandus","Rangifer tarandus","Cervidae","Ruminantia",NA,"crepuscular","cathemeral/crepuscular","cathemeral","5","Rangifer_tarandus"
"Pelea_capreolus","Pelea capreolus","Bovidae","Ruminantia","diurnal","diurnal","diurnal","diurnal","1","Pelea_capreolus"
"Phacochoerus_aethiopicus","Phacochoerus aethiopicus","Suidae","Suina","diurnal","diurnal","diurnal","diurnal","2","Phacochoerus_aethiopicus"
"Porcula_salvania","Porcula salvania","Suidae","Suina","diurnal","diurnal","diurnal","diurnal","2","Porcula_salvania"
"Potamochoerus_larvatus","Potamochoerus larvatus","Suidae","Suina","nocturnal","nocturnal","nocturnal","nocturnal","1","Potamochoerus_larvatus"
"Procapra_gutturosa","Procapra gutturosa","Bovidae","Ruminantia","diurnal","crepuscular","diurnal/crepuscular","diurnal","1","Procapra_gutturosa"
"Procapra_picticaudata","Procapra picticaudata","Bovidae","Ruminantia","diurnal","crepuscular","diurnal/crepuscular","diurnal","2","Procapra_picticaudata"
"Procapra_przewalskii","Procapra przewalskii","Bovidae","Ruminantia","diurnal","crepuscular","diurnal/crepuscular","diurnal","2","Procapra_przewalskii"
"Pudu_mephistophiles","Pudu mephistophiles","Cervidae","Ruminantia","nocturnal","crepuscular","nocturnal/crepuscular","nocturnal","1","Pudu_mephistophiles"
"Raphicerus_melanotis","Raphicerus melanotis","Bovidae","Ruminantia","nocturnal","crepuscular","nocturnal/crepuscular","nocturnal","1","Raphicerus_melanotis"
"Raphicerus_sharpei","Raphicerus sharpei","Bovidae","Ruminantia","nocturnal","crepuscular","nocturnal/crepuscular","nocturnal","1","Raphicerus_sharpei"
"Redunca_arundinum","Redunca arundinum","Bovidae","Ruminantia","nocturnal","crepuscular","nocturnal/crepuscular","nocturnal","1","Redunca_arundinum"
"Rucervus_eldii","Rucervus eldii","Cervidae","Ruminantia",NA,"crepuscular","cathemeral/crepuscular","cathemeral","2","Rucervus_eldii"
"Rupicapra_pyrenaica","Rupicapra pyrenaica","Bovidae","Ruminantia","diurnal","crepuscular","diurnal/crepuscular","diurnal","2","Rupicapra_pyrenaica"
"Rusa_alfredi","Rusa alfredi","Cervidae","Ruminantia","nocturnal","nocturnal","nocturnal","nocturnal","1","Rusa_alfredi"
"Rusa_marianna","Rusa marianna","Cervidae","Ruminantia","nocturnal","nocturnal","nocturnal","nocturnal","1","Rusa_marianna"
"Saiga_tatarica","Saiga tatarica","Bovidae","Ruminantia","diurnal","crepuscular","diurnal/crepuscular","diurnal","1","Saiga_tatarica"
"Sus_ahoenobarbus","Sus ahoenobarbus","Suidae","Suina","nocturnal","crepuscular","nocturnal/crepuscular","nocturnal","1","Sus_ahoenobarbus"
"Sus_cebifrons","Sus cebifrons","Suidae","Suina","nocturnal","nocturnal","nocturnal","nocturnal","1","Sus_cebifrons"
"Sus_celebensis","Sus celebensis","Suidae","Suina","nocturnal","crepuscular","nocturnal/crepuscular","nocturnal","1","Sus_celebensis"
"Sus_oliveri","Sus oliveri","Suidae","Suina",NA,"crepuscular","cathemeral","cathemeral","1","Sus_oliveri"
"Tragelaphus_imberbis","Tragelaphus imberbis","Bovidae","Ruminantia","nocturnal","nocturnal","nocturnal","nocturnal","1","Tragelaphus_imberbis"
"Tragulus_nigricans","Tragulus nigricans","Tragulidae","Ruminantia","nocturnal","nocturnal","nocturnal","nocturnal","1","Tragulus_nigricans"
"Vicugna_vicugna","Vicugna vicugna","Camelidae","Tylopoda","diurnal","diurnal","diurnal","diurnal","2","Vicugna_vicugna"
"Balaena_mysticetus","Balaena mysticetus","Mysticeti","Whippomorpha",NA,"crepuscular","cathemeral","cathemeral","4","Balaena_mysticetus"
"Balaenoptera_acutorostrata","Balaenoptera acutorostrata","Mysticeti","Whippomorpha","nocturnal","nocturnal","nocturnal","nocturnal","3","Balaenoptera_acutorostrata"
"Balaenoptera_bonaerensis","Balaenoptera bonaerensis","Mysticeti","Whippomorpha",NA,"crepuscular","cathemeral","cathemeral","3","Balaenoptera_bonaerensis"
"Balaenoptera_borealis","Balaenoptera borealis","Mysticeti","Whippomorpha",NA,"crepuscular","cathemeral","cathemeral","4","Balaenoptera_borealis"
"Balaenoptera_brydei","Balaenoptera brydei","Mysticeti","Whippomorpha","nocturnal","nocturnal","nocturnal","nocturnal","4","Balaenoptera_brydei"
"Balaenoptera_edeni","Balaenoptera edeni","Mysticeti","Whippomorpha","diurnal","diurnal","diurnal","diurnal","4","Balaenoptera_edeni"
"Balaenoptera_musculus","Balaenoptera musculus","Mysticeti","Whippomorpha",NA,"crepuscular","cathemeral","cathemeral","4","Balaenoptera_musculus"
"Balaenoptera_omurai","Balaenoptera omurai","Mysticeti","Whippomorpha",NA,"crepuscular","cathemeral","cathemeral","3","Balaenoptera_omurai"
"Balaenoptera_physalus","Balaenoptera physalus","Mysticeti","Whippomorpha",NA,"crepuscular","cathemeral","cathemeral","4","Balaenoptera_physalus"
"Balaenoptera_ricei","Balaenoptera ricei","Mysticeti","Whippomorpha","diurnal","diurnal","diurnal","diurnal","4","Balaenoptera_ricei"
"Berardius_arnuxii","Berardius arnuxii","Odontoceti","Whippomorpha",NA,"crepuscular","cathemeral","cathemeral","2","Berardius_arnuxii"
"Berardius_bairdii","Berardius bairdii","Odontoceti","Whippomorpha",NA,"crepuscular","cathemeral","cathemeral","4","Berardius_bairdii"
"Berardius_minimus","Berardius minimus","Odontoceti","Whippomorpha",NA,"unknown","unknown","unknown","unknown","Berardius_minimus"
"Caperea_marginata","Caperea marginata","Mysticeti","Whippomorpha","nocturnal","nocturnal","nocturnal","nocturnal","1","Caperea_marginata"
"Cephalorhynchus_commersonii","Cephalorhynchus commersonii","Odontoceti","Whippomorpha","diurnal","diurnal","diurnal","diurnal","5","Cephalorhynchus_commersonii"
"Cephalorhynchus_eutropia","Cephalorhynchus eutropia","Odontoceti","Whippomorpha",NA,"crepuscular","cathemeral","cathemeral","3","Cephalorhynchus_eutropia"
"Cephalorhynchus_heavisidii","Cephalorhynchus heavisidii","Odontoceti","Whippomorpha","nocturnal","crepuscular","nocturnal/crepuscular","nocturnal","4","Cephalorhynchus_heavisidii"
"Cephalorhynchus_hectori","Cephalorhynchus hectori","Odontoceti","Whippomorpha","diurnal","diurnal","diurnal","diurnal","4","Cephalorhynchus_hectori"
"Delphinapterus_leucas","Delphinapterus leucas","Odontoceti","Whippomorpha","diurnal","diurnal","diurnal","diurnal","5","Delphinapterus_leucas"
"Delphinus_delphis","Delphinus delphis","Odontoceti","Whippomorpha","nocturnal","nocturnal","nocturnal","nocturnal","3","Delphinus_delphis"
"Eschrichtius_robustus","Eschrichtius robustus","Mysticeti","Whippomorpha","nocturnal","crepuscular","nocturnal/crepuscular","nocturnal","5","Eschrichtius_robustus"
"Eubalaena_australis","Eubalaena australis","Mysticeti","Whippomorpha","nocturnal","crepuscular","nocturnal/crepuscular","nocturnal","4","Eubalaena_australis"
"Eubalaena_glacialis","Eubalaena glacialis","Mysticeti","Whippomorpha","nocturnal","nocturnal","nocturnal","nocturnal","4","Eubalaena_glacialis"
"Eubalaena_japonica","Eubalaena japonica","Mysticeti","Whippomorpha","nocturnal","nocturnal","nocturnal","nocturnal","3","Eubalaena_japonica"
"Feresa_attenuata","Feresa attenuata","Odontoceti","Whippomorpha","nocturnal","nocturnal","nocturnal","nocturnal","4","Feresa_attenuata"
"Globicephala_macrorhynchus","Globicephala macrorhynchus","Odontoceti","Whippomorpha","nocturnal","crepuscular","nocturnal/crepuscular","nocturnal","4","Globicephala_macrorhynchus"
"Globicephala_melas","Globicephala melas","Odontoceti","Whippomorpha","nocturnal","nocturnal","nocturnal","nocturnal","4","Globicephala_melas"
"Grampus_griseus","Grampus griseus","Odontoceti","Whippomorpha","nocturnal","crepuscular","nocturnal/crepuscular","nocturnal","4","Grampus_griseus"
"Hyperoodon_ampullatus","Hyperoodon ampullatus","Odontoceti","Whippomorpha",NA,"crepuscular","cathemeral","cathemeral","4","Hyperoodon_ampullatus"
"Hyperoodon_planifrons","Hyperoodon planifrons","Odontoceti","Whippomorpha","diurnal","crepuscular","diurnal/crepuscular","diurnal","3","Hyperoodon_planifrons"
"Indopacetus_pacificus","Indopacetus pacificus","Odontoceti","Whippomorpha","nocturnal","crepuscular","nocturnal/crepuscular","nocturnal","3","Indopacetus_pacificus"
"Inia_araguaiaensis","Inia araguaiaensis","Odontoceti","Whippomorpha",NA,"unknown","unknown","unknown","unknown","Inia_araguaiaensis"
"Inia_boliviensis","Inia boliviensis","Odontoceti","Whippomorpha","nocturnal","nocturnal","nocturnal","nocturnal","0","Inia_boliviensis"
"Inia_geoffrensis","Inia geoffrensis","Odontoceti","Whippomorpha",NA,"crepuscular","cathemeral","cathemeral","5","Inia_geoffrensis"
"Inia_humboldtiana","Inia humboldtiana","Odontoceti","Whippomorpha","nocturnal","nocturnal","nocturnal","nocturnal","0","Inia_humboldtiana"
"Kogia_breviceps","Kogia breviceps","Odontoceti","Whippomorpha","nocturnal","crepuscular","nocturnal/crepuscular","nocturnal","4","Kogia_breviceps"
"Kogia_sima","Kogia sima","Odontoceti","Whippomorpha","nocturnal","crepuscular","nocturnal/crepuscular","nocturnal","3","Kogia_sima"
"Lagenodelphis_hosei","Lagenodelphis hosei","Odontoceti","Whippomorpha","nocturnal","nocturnal","nocturnal","nocturnal","3","Lagenodelphis_hosei"
"Lagenorhynchus_acutus","Lagenorhynchus acutus","Odontoceti","Whippomorpha","nocturnal","nocturnal","nocturnal","nocturnal","5","Lagenorhynchus_acutus"
"Lagenorhynchus_albirostris","Lagenorhynchus albirostris","Odontoceti","Whippomorpha","nocturnal","crepuscular","nocturnal/crepuscular","nocturnal","4","Lagenorhynchus_albirostris"
"Lagenorhynchus_australis","Lagenorhynchus australis","Odontoceti","Whippomorpha","nocturnal","nocturnal","nocturnal","nocturnal","2","Lagenorhynchus_australis"
"Lagenorhynchus_cruciger","Lagenorhynchus cruciger","Odontoceti","Whippomorpha",NA,"unknown","unknown","unknown","2","Lagenorhynchus_cruciger"
"Lagenorhynchus_obliquidens","Lagenorhynchus obliquidens","Odontoceti","Whippomorpha","nocturnal","crepuscular","nocturnal/crepuscular","nocturnal","5","Lagenorhynchus_obliquidens"
"Lagenorhynchus_obscurus","Lagenorhynchus obscurus","Odontoceti","Whippomorpha","cathemeral","crepuscular","cathemeral","cathemeral","4","Lagenorhynchus_obscurus"
"Lipotes_vexillifer","Lipotes vexillifer","Odontoceti","Whippomorpha","diurnal","diurnal","diurnal","diurnal","5","Lipotes_vexillifer"
"Lissodelphis_borealis","Lissodelphis borealis","Odontoceti","Whippomorpha","nocturnal","nocturnal","nocturnal","nocturnal","0","Lissodelphis_borealis"
"Lissodelphis_peronii","Lissodelphis peronii","Odontoceti","Whippomorpha","nocturnal","nocturnal","nocturnal","nocturnal","0","Lissodelphis_peronii"
"Megaptera_novaeangliae","Megaptera novaeangliae","Mysticeti","Whippomorpha",NA,"crepuscular","cathemeral","cathemeral","4","Megaptera_novaeangliae"
"Mesoplodon_bidens","Mesoplodon bidens","Odontoceti","Whippomorpha",NA,"crepuscular","cathemeral","cathemeral","4","Mesoplodon_bidens"
"Mesoplodon_bowdoini","Mesoplodon bowdoini","Odontoceti","Whippomorpha",NA,"unknown","unknown","unknown","unknown","Mesoplodon_bowdoini"
"Mesoplodon_carlhubbsi","Mesoplodon carlhubbsi","Odontoceti","Whippomorpha",NA,"unknown","unknown","unknown","unknown","Mesoplodon_carlhubbsi"
"Mesoplodon_densirostris","Mesoplodon densirostris","Odontoceti","Whippomorpha",NA,"crepuscular","cathemeral","cathemeral","4","Mesoplodon_densirostris"
"Mesoplodon_eueu","Mesoplodon eueu","Odontoceti","Whippomorpha",NA,"unknown","unknown","unknown","0.5","Mesoplodon_eueu"
"Mesoplodon_europaeus","Mesoplodon europaeus","Odontoceti","Whippomorpha",NA,"crepuscular","cathemeral","cathemeral","3","Mesoplodon_europaeus"
"Mesoplodon_ginkgodens","Mesoplodon ginkgodens","Odontoceti","Whippomorpha","nocturnal","nocturnal","nocturnal","nocturnal","3","Mesoplodon_ginkgodens"
"Mesoplodon_grayi","Mesoplodon grayi","Odontoceti","Whippomorpha",NA,"unknown","unknown","unknown","0.5","Mesoplodon_grayi"
"Mesoplodon_hectori","Mesoplodon hectori","Odontoceti","Whippomorpha",NA,"unknown","unknown","unknown","unknown","Mesoplodon_hectori"
"Mesoplodon_hotaula","Mesoplodon hotaula","Odontoceti","Whippomorpha","diurnal","diurnal","diurnal","diurnal","3","Mesoplodon_hotaula"
"Mesoplodon_layardii","Mesoplodon layardii","Odontoceti","Whippomorpha",NA,"unknown","unknown","unknown","0.5","Mesoplodon_layardii"
"Mesoplodon_mirus","Mesoplodon mirus","Odontoceti","Whippomorpha","diurnal","crepuscular","diurnal/crepuscular","diurnal","3","Mesoplodon_mirus"
"Mesoplodon_perrini","Mesoplodon perrini","Odontoceti","Whippomorpha",NA,"unknown","unknown","unknown","unknown","Mesoplodon_perrini"
"Mesoplodon_peruvianus","Mesoplodon peruvianus","Odontoceti","Whippomorpha",NA,"unknown","unknown","unknown","0.5","Mesoplodon_peruvianus"
"Mesoplodon_stejnegeri","Mesoplodon stejnegeri","Odontoceti","Whippomorpha",NA,"crepuscular","cathemeral","cathemeral","3","Mesoplodon_stejnegeri"
"Mesoplodon_traversii","Mesoplodon traversii","Odontoceti","Whippomorpha",NA,"unknown","unknown","unknown","unknown","Mesoplodon_traversii"
"Monodon_monoceros","Monodon monoceros","Odontoceti","Whippomorpha",NA,"crepuscular","cathemeral","cathemeral","4","Monodon_monoceros"
"Neophocaena_asiaeorientalis","Neophocaena asiaeorientalis","Odontoceti","Whippomorpha","nocturnal","crepuscular","nocturnal/crepuscular","nocturnal","5","Neophocaena_asiaeorientalis"
"Neophocaena_phocaenoides","Neophocaena phocaenoides","Odontoceti","Whippomorpha","nocturnal","nocturnal","nocturnal","nocturnal","3","Neophocaena_phocaenoides"
"Neophocaena_sunameri","Neophocaena sunameri","Odontoceti","Whippomorpha","diurnal","diurnal","diurnal","diurnal","3","Neophocaena_sunameri"
"Orcaella_brevirostris","Orcaella brevirostris","Odontoceti","Whippomorpha",NA,"crepuscular","cathemeral","cathemeral","3","Orcaella_brevirostris"
"Orcaella_heinsohni","Orcaella heinsohni","Odontoceti","Whippomorpha","nocturnal","nocturnal","nocturnal","nocturnal","2","Orcaella_heinsohni"
"Orcinus_orca","Orcinus orca","Odontoceti","Whippomorpha","diurnal","diurnal","diurnal","diurnal","4","Orcinus_orca"
"Peponocephala_electra","Peponocephala electra","Odontoceti","Whippomorpha","nocturnal","nocturnal","nocturnal","nocturnal","4","Peponocephala_electra"
"Phocoena_dioptrica","Phocoena dioptrica","Odontoceti","Whippomorpha",NA,"unknown","unknown","unknown","unknown","Phocoena_dioptrica"
"Phocoena_phocoena","Phocoena phocoena","Odontoceti","Whippomorpha","nocturnal","crepuscular","nocturnal/crepuscular","nocturnal","4","Phocoena_phocoena"
"Phocoena_sinus","Phocoena sinus","Odontoceti","Whippomorpha","nocturnal","crepuscular","nocturnal/crepuscular","nocturnal","3","Phocoena_sinus"
"Phocoena_spinipinnis","Phocoena spinipinnis","Odontoceti","Whippomorpha",NA,"crepuscular","cathemeral","cathemeral","2","Phocoena_spinipinnis"
"Phocoenoides_dalli","Phocoenoides dalli","Odontoceti","Whippomorpha","nocturnal","crepuscular","nocturnal/crepuscular","nocturnal","3","Phocoenoides_dalli"
"Physeter_macrocephalus","Physeter macrocephalus","Odontoceti","Whippomorpha",NA,"crepuscular","cathemeral","cathemeral","4","Physeter_macrocephalus"
"Platanista_gangetica","Platanista gangetica","Odontoceti","Whippomorpha","nocturnal","crepuscular","nocturnal/crepuscular","nocturnal","3","Platanista_gangetica"
"Platanista_minor","Platanista minor","Odontoceti","Whippomorpha","nocturnal","crepuscular","nocturnal/crepuscular","nocturnal","3","Platanista_minor"
"Pontoporia_blainvillei","Pontoporia blainvillei","Odontoceti","Whippomorpha","nocturnal","crepuscular","nocturnal/crepuscular","nocturnal","3","Pontoporia_blainvillei"
"Pseudorca_crassidens","Pseudorca crassidens","Odontoceti","Whippomorpha","diurnal","diurnal","diurnal","diurnal","5","Pseudorca_crassidens"
"Sotalia_fluviatilis","Sotalia fluviatilis","Odontoceti","Whippomorpha",NA,"crepuscular","cathemeral","cathemeral","3","Sotalia_fluviatilis"
"Sotalia_guianensis","Sotalia guianensis","Odontoceti","Whippomorpha",NA,"crepuscular","cathemeral","cathemeral","3","Sotalia_guianensis"
"Sousa_chinensis","Sousa chinensis","Odontoceti","Whippomorpha","nocturnal","crepuscular","nocturnal/crepuscular","nocturnal","3","Sousa_chinensis"
"Sousa_plumbea","Sousa plumbea","Odontoceti","Whippomorpha","nocturnal","crepuscular","nocturnal/crepuscular","nocturnal","3","Sousa_plumbea"
"Sousa_sahulensis","Sousa sahulensis","Odontoceti","Whippomorpha",NA,"unknown","unknown","unknown","0.5","Sousa_sahulensis"
"Sousa_teuszii","Sousa teuszii","Odontoceti","Whippomorpha","nocturnal","nocturnal","nocturnal","nocturnal","3","Sousa_teuszii"
"Stenella_attenuata","Stenella attenuata","Odontoceti","Whippomorpha","nocturnal","crepuscular","nocturnal/crepuscular","nocturnal","4","Stenella_attenuata"
"Stenella_clymene","Stenella clymene","Odontoceti","Whippomorpha","nocturnal","nocturnal","nocturnal","nocturnal","0","Stenella_clymene"
"Stenella_coeruleoalba","Stenella coeruleoalba","Odontoceti","Whippomorpha","nocturnal","nocturnal","nocturnal","nocturnal","3","Stenella_coeruleoalba"
"Stenella_frontalis","Stenella frontalis","Odontoceti","Whippomorpha","nocturnal","nocturnal","nocturnal","nocturnal","2","Stenella_frontalis"
"Stenella_longirostris","Stenella longirostris","Odontoceti","Whippomorpha","nocturnal","nocturnal","nocturnal","nocturnal","4","Stenella_longirostris"
"Steno_bredanensis","Steno bredanensis","Odontoceti","Whippomorpha","nocturnal","crepuscular","nocturnal/crepuscular","nocturnal","4","Steno_bredanensis"
"Tasmacetus_shepherdi","Tasmacetus shepherdi","Odontoceti","Whippomorpha",NA,"unknown","unknown","unknown","0.5","Tasmacetus_shepherdi"
"Tursiops_aduncus","Tursiops aduncus","Odontoceti","Whippomorpha","diurnal","crepuscular","diurnal/crepuscular","diurnal","5","Tursiops_aduncus"
"Tursiops_truncatus","Tursiops truncatus","Odontoceti","Whippomorpha","diurnal","crepuscular","diurnal/crepuscular","diurnal","5","Tursiops_truncatus"
"Ziphius_cavirostris","Ziphius cavirostris","Odontoceti","Whippomorpha",NA,"crepuscular","cathemeral","cathemeral","4","Ziphius_cavirostris"
